name,album,artist,release_date,length,popularity,acousticness,danceability,energy,instrumentalness,liveness,loudness,speechiness,tempo,time_signature
Mr. Big Stuff,Mr. Big Stuff,Jean Knight,1971,164560,69,0.29,0.886,0.491,2.46e-06,0.229,-12.589,0.171,93.236,4
To Be With You - 2021 Remastered,Lean Into It (30th Anniversary Edition),Mr. Big,1991,208080,73,0.359,0.688,0.284,0.0,0.127,-13.577,0.0574,83.433,4
Mr. Big,Comin Out Hard,8Ball & MJG,1993,353853,44,0.00458,0.856,0.5,0.00192,0.0915,-10.697,0.285,155.863,4
Mr. Big Bank Budda,I Am Mr. Mosely,Drakeo the Ruler,2017-04-07,209319,40,0.0443,0.714,0.859,0.0,0.1,-4.778,0.102,94.031,4
Mr. Biggs,Feds Watching,Lil Double 0,2023-03-08,161625,45,0.105,0.666,0.544,0.0,0.166,-4.577,0.282,144.94,4
To Be With You - 2010 Remastered Version,Lean Into It [Expanded],Mr. Big,1991-03-26,210480,69,0.286,0.688,0.375,0.0,0.133,-9.601,0.0535,83.635,4
To Be With You,"Big, Bigger, Biggest! The Best Of Mr. Big",Mr. Big,1996-11-25,207200,61,0.346,0.693,0.408,0.0,0.146,-7.999,0.0442,83.646,4
Mr. Brightside,Hot Fuss,The Killers,2004,222973,89,0.00121,0.352,0.911,0.0,0.0995,-5.23,0.0747,148.033,4
Mr.Big,Mr.Big,JTRU,2022-03-28,160223,0,0.377,0.753,0.648,0.0,0.289,-5.704,0.5,179.973,4
Wild World - 2009 Remastered Version,Bump Ahead [Expanded],Mr. Big,1993-09-17,208560,67,0.182,0.573,0.722,0.0,0.29,-6.518,0.0295,144.209,4
Mr. BigBoom,Mr. BigBoom,22Bullets,2021-05-28,148551,56,0.000337,0.425,0.937,0.0,0.912,-3.506,0.0672,145.155,4
Mr.Big,FTO,Luhh Tre,2023-06-08,171943,0,0.0332,0.936,0.511,0.0,0.0674,-13.713,0.323,135.035,4
Mr. BigYellowSun,Sunflower,Cosmopaark,2019-03-21,189937,41,0.499,0.498,0.537,0.823,0.103,-10.238,0.0265,84.444,4
Mr.Big,The Hungry Horny Gangsta,Grizwald Dickie,2023-05-26,161060,0,0.0219,0.894,0.412,0.168,0.137,-9.005,0.284,156.158,4
Addicted To That Rush - 2023 Remastered,Mr. Big (2023 Remastered),Mr. Big,1989-06-19,285014,50,0.0353,0.493,0.928,1.29e-06,0.496,-9.755,0.101,113.109,4
Mr. Big Shot,The Words You Don't Swallow,Anarbor,2010-04-20,205506,40,0.00371,0.414,0.923,0.0,0.357,-2.941,0.0984,185.002,4
Mr.Big,D U S T,Dustman,2011-11-07,287560,0,4.18e-05,0.674,0.623,0.873,0.122,-7.967,0.0376,130.033,4
Long Hair,The Mask is Off,The Last Mr. Bigg,2003,269000,47,0.233,0.903,0.529,0.0,0.129,-3.615,0.406,91.113,4
Mr. Big Shot,Mr. Big Shot,Poppa Cannon,2023-04-14,142013,37,0.0589,0.768,0.819,0.0,0.738,-5.685,0.248,139.915,4
Mr.Big,Vice City,TKN FORLIFE,2023-02-05,112150,0,0.223,0.805,0.722,0.0,0.187,-4.934,0.0556,142.006,4
Mr.Brightside (Tommytohotty),PUNK GOES DRILL+** HOSTED BY SHOKURADIO,POLO PERKS <3 <3 <3,2021-03-05,86000,37,0.0013,0.582,0.504,7.91e-06,0.312,-10.827,0.0773,139.091,4
Mr.Big,Speed Of Light,Stealing Death,2018-09-26,168654,0,0.0135,0.367,0.884,0.000112,0.263,-4.979,0.0565,105.448,4
Mr. Big Stuff - Remix,Living Large,Heavy D & The Boyz,1987-10-25,202933,36,0.00318,0.723,0.484,0.00529,0.0785,-16.293,0.368,201.262,4
Mr.Big,Other Side,Alessandro Stalloni,2021-12-27,196533,0,0.0364,0.37,0.711,0.0,0.303,-11.742,0.229,87.691,4
Mr. Big,Fire And Water,Free,1970-06-26,356173,41,0.0423,0.459,0.404,0.032,0.12,-12.015,0.0453,79.286,4
Mr.Big,Mr. Big,Diego Paredes,2020-03-04,450753,0,0.0169,0.698,0.528,0.853,0.0764,-12.961,0.0459,126.008,4
Mr. Bigg,Heart Of A Beast,Joe Green,2018-08-03,228298,29,0.00216,0.889,0.55,0.00018,0.0373,-8.456,0.157,156.997,4
Mr. Big Stuff,20th Century Masters: The Millennium Collection: Best Of Heavy D & The Boyz,Heavy D & The Boyz,2002-01-01,204200,29,0.00291,0.696,0.758,0.0015,0.0878,-7.777,0.288,201.412,4
Just Take My Heart - 2021 Remastered,Lean Into It (30th Anniversary Edition),Mr. Big,1991,263840,53,0.496,0.508,0.282,0.0,0.116,-13.072,0.04,169.647,4
Mr. Big,Zootopia (Original Motion Picture Soundtrack),Michael Giacchino,2016-02-12,167720,26,0.151,0.292,0.211,0.00503,0.398,-17.66,0.0419,119.772,4
Mr. Big,Live...With A Little Help From Our Friends,Gov't Mule,1999-02-05,537973,23,0.0274,0.379,0.678,0.235,0.948,-7.45,0.0778,144.367,4
Top Down (feat. Lil' Flip),The Mask is Off,The Last Mr. Bigg,2003,259720,42,0.123,0.868,0.32,0.0,0.0753,-8.151,0.116,89.444,4
TO BE WITH YOU-5Key(原曲歌手: Mr.Big),TO BE WITH YOU(ガイド無しカラオケ)[原曲歌手:Mr.Big],歌っちゃ王,2023-06-29,204944,0,0.21,0.604,0.284,0.917,0.0778,-13.865,0.0389,166.009,4
TO BE WITH YOU+4Key(原曲歌手: Mr.Big),TO BE WITH YOU(ガイド無しカラオケ)[原曲歌手:Mr.Big],歌っちゃ王,2023-06-29,205081,0,0.147,0.757,0.318,0.856,0.0677,-10.726,0.0351,82.982,4
Big Flexa,Mr Big Flexa,Costa Titch,2022-11-11,327079,57,0.0131,0.821,0.611,0.00393,0.0395,-8.967,0.0535,113.006,4
TO BE WITH YOU+3Key(原曲歌手: Mr.Big),TO BE WITH YOU(ガイド無しカラオケ)[原曲歌手:Mr.Big],歌っちゃ王,2023-06-29,204841,0,0.125,0.732,0.311,0.915,0.074,-11.295,0.0368,82.993,4
Shine,Actual Size,Mr. Big,2001-09-25,222973,50,5.56e-05,0.592,0.738,9.33e-06,0.0365,-6.625,0.0279,116.019,4
TO BE WITH YOU-3Key(原曲歌手: Mr.Big),TO BE WITH YOU(ガイド無しカラオケ)[原曲歌手:Mr.Big],歌っちゃ王,2023-06-29,205040,0,0.196,0.676,0.269,0.869,0.0749,-13.542,0.0444,82.97,4
Addicted To That Rush - 2009 Remastered Version,Mr. Big [Expanded],Mr. Big,1989-06-20,286520,42,0.0303,0.468,0.971,7.02e-05,0.265,-5.289,0.137,112.882,4
TO BE WITH YOU-1Key(原曲歌手: Mr.Big),TO BE WITH YOU(ガイド無しカラオケ)[原曲歌手:Mr.Big],歌っちゃ王,2023-06-29,205185,0,0.181,0.668,0.357,0.856,0.0731,-12.499,0.063,166.008,4
Mr. Big Shot,Mr. Big Shot,Poppa Cannon,2023-04-14,142013,30,0.0589,0.768,0.819,0.0,0.738,-5.685,0.248,139.915,4
TO BE WITH YOU-4Key(原曲歌手: Mr.Big),TO BE WITH YOU(ガイド無しカラオケ)[原曲歌手:Mr.Big],歌っちゃ王,2023-06-29,204973,0,0.154,0.646,0.281,0.808,0.0756,-13.554,0.0405,82.984,4
Just Take My Heart - 2010 Remastered Version,Lean Into It [Expanded],Mr. Big,1991-03-26,265306,49,0.483,0.508,0.362,0.0,0.0996,-9.369,0.0349,168.586,4
TO BE WITH YOU+2Key(原曲歌手: Mr.Big),TO BE WITH YOU(ガイド無しカラオケ)[原曲歌手:Mr.Big],歌っちゃ王,2023-06-29,205104,0,0.135,0.721,0.283,0.9,0.0673,-11.586,0.0381,83.001,4
Green-Tinted Sixties Mind - 2021 Remastered,Lean Into It (30th Anniversary Edition),Mr. Big,1991,210893,45,0.0211,0.437,0.618,0.0,0.316,-10.737,0.0297,106.26,4
TO BE WITH YOU+5Key(原曲歌手: Mr.Big),TO BE WITH YOU(ガイド無しカラオケ)[原曲歌手:Mr.Big],歌っちゃ王,2023-06-29,204920,0,0.169,0.729,0.329,0.899,0.0664,-11.049,0.0414,82.995,4
TO BE WITH YOU+1Key(原曲歌手: Mr.Big),TO BE WITH YOU(ガイド無しカラオケ)[原曲歌手:Mr.Big],歌っちゃ王,2023-06-29,204946,0,0.194,0.734,0.297,0.901,0.0704,-11.954,0.0414,82.969,4
Goin' Where the Wind Blows,Hey Man [Expanded],Mr. Big,1996-03-12,259200,46,0.806,0.696,0.37,0.0,0.156,-8.978,0.03,105.943,4
TO BE WITH YOU(原曲歌手: Mr.Big),TO BE WITH YOU(ガイド無しカラオケ)[原曲歌手:Mr.Big],歌っちゃ王,2023-06-29,205057,0,0.134,0.695,0.348,0.89,0.0702,-11.889,0.0395,165.952,4
Take Cover,Hey Man [Expanded],Mr. Big,1996-03-12,277813,46,0.000272,0.486,0.934,9.92e-05,0.129,-6.069,0.0439,104.799,4
Cherry Waves,Saturday Night Wrist,Deftones,2006-10-25,317706,78,0.000362,0.47,0.859,0.00691,0.142,-3.663,0.0537,124.01,4
Cherry Wine,Cherry Wine,grentperez,2021-09-10,173286,75,0.34,0.74,0.563,0.0,0.0824,-7.016,0.04,104.958,4
Cherry Bomb,The Runaways,The Runaways,1976,138706,72,0.0455,0.501,0.813,4.75e-05,0.131,-8.192,0.0639,136.59,4
Cherry Wine - Live,Hozier (Expanded Edition),Hozier,2014-09-19,240146,70,0.951,0.415,0.11,0.00236,0.0962,-14.901,0.0388,81.876,4
Cheri Cheri Lady,Let's Talk About Love,Modern Talking,1985,226333,78,0.458,0.677,0.616,0.0132,0.349,-13.826,0.032,114.223,4
Cherry,Fine Line,Harry Styles,2019-12-13,259186,77,0.615,0.53,0.512,0.00453,0.129,-9.261,0.0259,95.946,4
Cherry,Lust For Life,Lana Del Rey,2017-07-21,180902,79,0.048,0.449,0.534,0.0011,0.384,-9.493,0.0494,94.261,3
Believe,Believe,Cher,1998,239026,82,0.0082,0.652,0.917,0.0,0.0509,-6.72,0.0548,132.975,4
Cherry Hill,There's Really A Wolf,Russ,2017-05-05,222453,71,0.161,0.681,0.469,0.403,0.108,-10.803,0.0366,130.022,4
Cherry Pie,Cherry Pie,Warrant,1990-10-14,201026,67,0.0372,0.472,0.946,0.0,0.352,-4.591,0.145,177.489,4
Cherub Rock - 2011 Remaster,Siamese Dream (Deluxe Edition),The Smashing Pumpkins,1993,298253,68,5.91e-06,0.382,0.867,0.581,0.196,-7.426,0.0399,87.309,4
If I Could Turn Back Time,Heart Of Stone,Cher,1989-01-01,239826,75,0.243,0.658,0.575,0.0,0.122,-10.365,0.0267,108.329,4
Cherry-coloured Funk,Heaven or Las Vegas,Cocteau Twins,1990-09-17,192466,70,0.00196,0.49,0.652,6.24e-05,0.0991,-5.813,0.0274,90.085,4
Cherry Waves,Saturday Night Wrist,Deftones,2006-10-30,317706,63,0.000362,0.47,0.859,0.00691,0.142,-3.663,0.0537,124.01,4
Cherry Pie,Cherry Pie (Expanded Edition),Warrant,1990-05-01,201106,67,0.0251,0.407,0.955,0.0,0.347,-4.164,0.164,177.48,4
Cherry Bomb,The Lonesome Jubilee,John Mellencamp,1987,287106,66,0.0509,0.744,0.945,1.41e-06,0.0435,-3.266,0.0286,113.882,4
"Gypsys, Tramps & Thieves","Gypsys, Tramps & Thieves",Cher,1971-01-01,158000,60,0.211,0.476,0.677,0.0,0.0601,-11.175,0.0365,170.879,4
Cherry Flavoured,Chip Chrome & The Mono-Tones,The Neighbourhood,2020-09-25,208453,69,0.23,0.617,0.574,0.0105,0.0983,-9.768,0.0276,91.769,4
Cherry Blossoms,Cherry Blossoms,Shady Moon,2021-08-26,138311,68,0.732,0.79,0.343,0.000274,0.201,-11.329,0.235,117.952,4
CHERRY BOMB,Cherry Bomb + Instrumentals,"Tyler, The Creator",2015-04-13,269352,45,0.001,0.594,0.817,0.8,0.155,-3.389,0.0521,133.868,4
Doses & Mimosas,Year of the Caprese,Cherub,2014,323253,76,0.114,0.775,0.655,0.00016,0.035,-7.333,0.102,114.503,4
Cherry Cola,Cherry Cola,Kuwada,2018-02-09,184360,61,0.764,0.777,0.635,2.25e-06,0.155,-6.323,0.0392,138.04,4
Cheri Cheri Lady,The First & Second Album (30th Anniversary Edition),Modern Talking,1985,227653,53,0.494,0.678,0.778,0.00228,0.322,-8.601,0.0312,114.265,4
CHERIMOYA - BONUS,FORWARD,Jordan Ward,2023-03-03,129080,61,0.875,0.487,0.337,0.0103,0.157,-13.561,0.0731,84.394,4
チェリーボンボン,KPP BEST,Kyary Pamyu Pamyu,2016-05-25,218466,52,0.223,0.691,0.954,0.004,0.138,-1.755,0.0341,130.037,4
Cherish the Day,Love Deluxe,Sade,1992-10-26,332133,63,0.0121,0.68,0.389,0.0834,0.105,-13.239,0.0545,80.145,4
Cherry Waves,The Studio Album Collection,Deftones,2016-04-07,317706,34,0.000334,0.464,0.877,0.00405,0.149,-3.616,0.0569,124.028,4
Cherry Cherry,The Bang Years 1966-1968 (The 23 Original Mono Recordings),Neil Diamond,1968,163906,61,0.0271,0.56,0.827,0.00285,0.0551,-4.157,0.0306,84.383,4
Cherry Bomb,Glorious Results of a Misspent Youth (Expanded Edition),Joan Jett & the Blackhearts,1984-10-01,155746,51,0.225,0.533,0.926,4.8e-05,0.0572,-6.139,0.0525,128.51,4
Cherish,The Very Best Of Kool & The Gang (Reissue),Kool & The Gang,1999-03-01,238933,57,0.331,0.639,0.596,0.0,0.296,-8.145,0.0225,95.186,4
Cherished Dreams,Cherished Dreams,Sky Holland,2023-03-10,127210,62,0.994,0.553,0.0327,0.957,0.111,-24.449,0.0538,63.93,4
Cherry Bomb,NCT #127 CHERRY BOMB– The 3rd Mini Album,NCT 127,2017-06-14,236667,66,0.000759,0.713,0.603,5.51e-06,0.0453,-4.896,0.287,78.027,4
Cherry Thrill,Cherry Thrill,Movements,2022-08-19,199521,58,0.0175,0.729,0.731,9.7e-06,0.108,-5.179,0.0329,104.011,4
Indian Reservation (The Lament of the Cherokee Reservation Indian),Indian Reservation,Paul Revere & The Raiders,1971,171933,49,0.284,0.639,0.385,0.00193,0.0873,-13.253,0.0759,131.714,4
Cherry,Cherry (Deluxe),Chromatics,2017-12-09,271952,61,0.0336,0.655,0.782,0.228,0.175,-6.388,0.0355,108.245,4
Cherish,And Then...Along Comes,The Association,1966,207133,53,0.776,0.51,0.544,0.0,0.144,-8.308,0.0282,110.197,4
Cheryl,Cheryl,Yung Gravy,2017-06-21,169019,58,0.0477,0.801,0.698,1.46e-06,0.184,-8.998,0.33,76.5,4
cherry blossom,star-crossed,Kacey Musgraves,2021-09-10,184000,57,0.119,0.641,0.818,0.000444,0.168,-6.757,0.0453,109.967,4
Cheerleader - Felix Jaehn Remix Radio Edit,Me 4 U,OMI,2015-10-16,180560,72,0.141,0.78,0.68,1.2e-05,0.138,-6.081,0.0305,118.026,4
Cherry (feat. Hayley Kiyoko),Cherry (feat. Hayley Kiyoko),FLETCHER,2021-11-17,152511,60,0.202,0.812,0.585,0.00216,0.245,-4.644,0.0615,118.037,4
Cherish - Single Version,Collected,Kool & The Gang,2018-05-25,238000,70,0.135,0.643,0.568,0.0,0.195,-9.903,0.0222,95.17,4
Cherish,I've IVE,IVE,2023-04-10,194680,64,0.306,0.853,0.654,4.71e-06,0.11,-5.312,0.0669,112.997,4
Cherry Bomb,The Runaways - The Mercury Albums Anthology,The Runaways,2010-01-01,138706,57,0.0455,0.501,0.813,4.75e-05,0.131,-8.192,0.0638,136.59,4
Cherry Blossom,Blue Banisters,Lana Del Rey,2021-10-22,197933,62,0.982,0.413,0.119,0.00219,0.112,-12.499,0.0348,111.11,4
Space Song,Depression Cherry,Beach House,2015-08-28,320466,83,0.229,0.508,0.792,0.124,0.145,-7.311,0.0297,147.067,4
Cherry Coke,The Beginning,Yeeun,2023-04-13,168000,51,0.0306,0.779,0.793,1.33e-05,0.117,-3.902,0.131,140.006,4
Say Hey (I Love You) (feat. Cherine Tanya Anderson),All Rebel Rockers,Michael Franti & Spearhead,2008-09-09,235760,69,0.0376,0.738,0.983,5.98e-06,0.183,-4.374,0.0852,92.998,4
Play That Funky Music,Wild Cherry,Wild Cherry,1976,300000,75,0.0435,0.814,0.672,0.0,0.061,-12.068,0.0619,109.394,4
Kiss,Parade - Music from the Motion Picture Under the Cherry Moon,Prince,1986-03-31,226240,78,0.0135,0.898,0.271,0.00138,0.0461,-12.238,0.091,111.485,4
Save Tonight,Desireless,Eagle-Eye Cherry,1998-07-13,239226,71,9.24e-05,0.547,0.693,5.46e-05,0.113,-8.786,0.0353,119.567,4
You Raise Me Up,Closer,Josh Groban,2003-11-11,292333,59,0.673,0.25,0.136,0.000157,0.107,-12.162,0.037,118.086,4
Johanna (Act 2 Sequence) - 2023 Broadway Cast Recording,Johanna (Act 2 Sequence) [2023 Broadway Cast Recording],Josh Groban,2023-06-09,321391,57,0.788,0.438,0.233,0.000256,0.191,-12.37,0.0394,160.974,4
"All I Ask of You (from ""The Phantom of the Opera"") [with Kelly Clarkson]",Stages (Deluxe),Josh Groban,2015-04-20,239453,59,0.912,0.223,0.268,0.0,0.108,-9.468,0.0304,90.971,4
The Ballad of Sweeney Todd (Opening) [2023 Broadway Cast Recording],The Ballad of Sweeney Todd (Opening) [2023 Broadway Cast Recording],Josh Groban,2023-05-08,178928,56,0.699,0.631,0.368,1.11e-06,0.149,-10.282,0.0612,120.48,4
Evermore,Beauty and the Beast (Original Motion Picture Soundtrack/Deluxe Edition),Various Artists,2017-03-10,189477,57,0.794,0.219,0.362,1.03e-05,0.112,-8.615,0.0327,89.819,1
To Where You Are,Josh Groban,Josh Groban,2001-11-20,233893,57,0.651,0.286,0.322,0.000335,0.0994,-9.288,0.0317,124.96,4
Granted,Bridges (Deluxe),Josh Groban,2018-09-21,279600,46,0.575,0.465,0.558,0.000734,0.139,-6.369,0.0293,123.984,4
Pearls (with Angelique Kidjo) - Live 2007,Awake (Live),Josh Groban,2008-05-02,354773,11,0.631,0.365,0.49,2.03e-05,0.977,-9.902,0.0692,136.049,3
By the Sea - 2023 Broadway Cast Recording,By the Sea (2023 Broadway Cast Recording),Josh Groban,2023-06-02,216335,52,0.885,0.721,0.263,0.0,0.0872,-11.298,0.0569,153.894,4
"All I Ask of You (from ""The Phantom of the Opera"") [with Kelly Clarkson]",Stages,Josh Groban,2015-04-20,239453,12,0.912,0.223,0.268,0.0,0.108,-9.468,0.0304,90.971,4
My Friends - 2023 Broadway Cast Recording,My Friends (2023 Broadway Cast Recording),Josh Groban,2023-05-26,231682,52,0.875,0.26,0.201,0.0,0.152,-10.027,0.0337,85.686,4
River,Bridges (Deluxe),Josh Groban,2018-09-21,253466,42,0.332,0.4,0.55,0.0,0.0812,-5.224,0.047,147.968,4
Epiphany - 2023 Broadway Cast Recording,Epiphany (2023 Broadway Cast Recording),Josh Groban,2023-06-23,189212,51,0.86,0.424,0.519,0.000254,0.357,-8.264,0.129,83.546,5
Bridge Over Troubled Water - Live,Hit Man David Foster & Friends (Deluxe),Various Artists,2008-10-14,280773,27,0.277,0.405,0.378,5.94e-06,0.193,-8.933,0.0262,73.881,4
You Are Loved (Don't Give Up),Awake,Josh Groban,2006-10-31,288946,50,0.0284,0.481,0.712,0.205,0.108,-6.485,0.0314,103.993,4
Remember,Music From The Motion Picture Troy,Various Artists,2004-05-11,258760,44,0.323,0.36,0.132,1.77e-05,0.0809,-17.48,0.0348,107.843,4
We Will Meet Once Again (with Andrea Bocelli),Bridges (Deluxe),Josh Groban,2018-09-21,235226,57,0.844,0.249,0.422,9.16e-06,0.172,-7.937,0.0315,108.615,4
Broken Vow,Closer,Josh Groban,2003-11-11,273533,40,0.894,0.239,0.207,4.49e-05,0.0987,-12.229,0.0308,77.749,4
99 Years (with Jennifer Nettles),Bridges (Deluxe),Josh Groban,2018-09-21,242093,48,0.0757,0.509,0.575,1.4e-06,0.125,-5.299,0.0301,143.82,4
Both Sides Now (Duet with Sara Bareilles),Harmony,Josh Groban,2020-11-20,242346,52,0.819,0.335,0.333,0.0,0.112,-9.121,0.0283,102.956,4
When You Say You Love Me,Closer,Josh Groban,2003-11-11,272533,43,0.616,0.34,0.34,0.0,0.103,-10.162,0.0347,126.319,4
Remember When It Rained,Closer,Josh Groban,2003-11-11,280640,40,0.632,0.446,0.249,0.00324,0.122,-10.715,0.0278,106.028,4
The Prayer - LIVE Duet with Josh Groban,The Prayer (LIVE Duet with Josh Groban),Céline Dion,2008-02-12,278000,53,0.718,0.168,0.404,0.000286,0.976,-9.511,0.0396,79.912,5
You're Still You,Josh Groban,Josh Groban,2001-11-20,218480,50,0.637,0.249,0.385,0.000309,0.105,-7.974,0.0337,116.172,4
"Vincent (Starry, Starry Night)",Josh Groban,Josh Groban,2001-11-20,277000,46,0.868,0.255,0.254,0.000258,0.101,-11.902,0.0339,166.134,4
The Prayer (with Charlotte Church),Josh Groban,Josh Groban,2001-11-20,264600,48,0.91,0.21,0.351,0.00197,0.196,-8.279,0.033,82.423,3
Believe,The Polar Express (Original Motion Picture Soundtrack) [Special Edition],Various Artists,2004-11-02,258399,47,0.62,0.301,0.422,0.0,0.0666,-7.561,0.029,78.411,4
O Holy Night,Noël (Deluxe Edition),Josh Groban,2017-11-03,288680,36,0.834,0.194,0.343,0.000781,0.0934,-8.051,0.0307,87.919,4
"Bring Him Home (from ""Les Misérables"")",Stages (Deluxe),Josh Groban,2015-04-20,203853,47,0.972,0.186,0.208,2.25e-05,0.0956,-10.789,0.0356,180.301,4
February Song,Awake,Josh Groban,2006-10-31,312426,44,0.705,0.216,0.289,0.00606,0.115,-8.992,0.031,139.749,3
Awake,Awake,Josh Groban,2006-10-31,311706,43,0.682,0.404,0.372,0.00131,0.107,-8.376,0.0275,129.86,4
Run (with Sarah McLachlan),Bridges (Deluxe),Josh Groban,2018-09-21,287880,48,0.275,0.439,0.54,6.06e-06,0.0939,-6.63,0.0266,81.003,4
Caruso,Closer,Josh Groban,2003-11-11,306360,29,0.787,0.242,0.319,0.000649,0.141,-9.324,0.0349,83.08,1
Epiphany - 2023 Broadway Cast Recording,Not While I'm Around (2023 Broadway Cast Recording),Josh Groban,2023-07-07,189212,32,0.86,0.424,0.519,0.000254,0.357,-8.264,0.129,83.546,5
Cinema Paradiso (Se),Josh Groban,Josh Groban,2001-11-20,205200,49,0.875,0.212,0.225,0.0208,0.111,-11.882,0.0384,69.261,3
Johanna (Act 2 Sequence) - 2023 Broadway Cast Recording,Not While I'm Around (2023 Broadway Cast Recording),Josh Groban,2023-07-07,321391,30,0.788,0.438,0.233,0.000256,0.191,-12.37,0.0394,160.974,4
Oceano,Closer,Josh Groban,2003-11-11,243066,35,0.662,0.378,0.404,0.000218,0.0862,-9.587,0.039,157.839,3
My Friends - 2023 Broadway Cast Recording,Not While I'm Around (2023 Broadway Cast Recording),Josh Groban,2023-07-07,231682,26,0.875,0.26,0.201,0.0,0.152,-10.027,0.0337,85.686,4
The Ballad of Sweeney Todd (Opening) [2023 Broadway Cast Recording],Not While I'm Around (2023 Broadway Cast Recording),Josh Groban,2023-07-07,178928,25,0.699,0.631,0.368,1.11e-06,0.149,-10.282,0.0612,120.48,4
It Came upon a Midnight Clear,Christmas in July Eat Drink & Be Merry,Various Artists,2023-07-07,253066,0,0.707,0.438,0.28,0.000524,0.115,-12.147,0.0317,119.887,4
Johanna (Act 2 Sequence) - 2023 Broadway Cast Recording,Johanna (Act 2 Sequence) [2023 Broadway Cast Recording],Josh Groban,2023-06-09,321391,42,0.788,0.438,0.233,0.000256,0.191,-12.37,0.0394,160.974,4
Somewhere (feat. Josh Groban),Partners,Barbra Streisand,2014-09-10,245320,38,0.935,0.242,0.263,0.0047,0.181,-11.182,0.0328,130.08,3
"You'll Never Walk Alone (from ""Carousel"")",Stages (Deluxe),Josh Groban,2015-04-20,268480,45,0.626,0.204,0.42,0.0135,0.182,-7.984,0.0304,101.881,4
All I Know Of Love (feat. Josh Groban),Duets,Barbra Streisand,2002-11-26,269306,44,0.794,0.459,0.459,0.0,0.0961,-7.886,0.0318,114.15,4
Symphony,Bridges (Deluxe),Josh Groban,2018-09-21,212546,35,0.428,0.513,0.555,4.71e-06,0.109,-6.525,0.0506,76.941,4
I Love Trash (feat. Josh Groban),The Not-Too-Late Show with Elmo: Songs,Sesame Street,2020-09-18,110348,37,0.794,0.678,0.377,0.0,0.112,-9.318,0.089,96.02,4
Broken Vow (feat. Josh Groban),Chris Botti In Boston,Chris Botti,2009-03-31,300386,26,0.907,0.233,0.248,0.0309,0.676,-10.999,0.0312,70.139,5
The Impossible Dream,The Impossible Dream,Josh Groban,2020-10-02,255200,41,0.875,0.329,0.319,0.000455,0.11,-6.86,0.0286,85.515,4
Mi Mancherai (Il Postino) (feat. Joshua Bell),Closer,Josh Groban,2003-11-11,363666,33,0.759,0.248,0.294,0.00248,0.0927,-11.289,0.0398,130.677,3
So She Dances,Awake,Josh Groban,2006-10-31,293973,40,0.736,0.29,0.26,3.01e-06,0.0942,-9.757,0.0297,75.879,4
Last Friday Night (T.G.I.F.),Teenage Dream,Katy Perry,2010-01-01,230733,79,0.00125,0.652,0.812,3.01e-05,0.667,-3.797,0.0409,126.023,4
Roar,PRISM (Deluxe),Katy Perry,2013-10-18,223546,76,0.00487,0.554,0.772,6.6e-06,0.354,-4.821,0.0418,179.984,4
Teenage Dream,Teenage Dream,Katy Perry,2010-01-01,227741,77,0.0162,0.719,0.798,2.34e-06,0.134,-4.582,0.0361,120.011,4
Firework,Teenage Dream: The Complete Confection,Katy Perry,2012-03-12,227880,76,0.139,0.638,0.826,0.0,0.0803,-4.968,0.0479,124.072,4
Roar,PRISM,Katy Perry,2013-01-01,223546,82,0.00492,0.671,0.771,7.28e-06,0.354,-4.821,0.0316,90.003,4
California Gurls,Teenage Dream,Katy Perry,2010-01-01,234653,76,0.0038,0.788,0.753,0.0,0.18,-3.71,0.0536,125.005,4
When I’m Gone (with Katy Perry),When I’m Gone (with Katy Perry),Alesso,2021-12-29,161266,80,0.028,0.685,0.886,0.0,0.481,-4.179,0.034,125.034,4
Hot N Cold,One Of The Boys,Katy Perry,2008-06-17,220226,75,7.95e-05,0.706,0.841,0.0,0.0688,-3.956,0.0418,132.032,4
Dark Horse,PRISM (Deluxe),Katy Perry,2013-10-18,215672,80,0.00314,0.645,0.585,0.0,0.165,-6.122,0.0513,131.931,4
I Kissed A Girl,One Of The Boys,Katy Perry,2008-06-17,179640,74,0.00223,0.699,0.76,0.0,0.132,-3.173,0.0677,129.996,4
The One That Got Away,Teenage Dream,Katy Perry,2010-01-01,227333,76,0.000812,0.691,0.795,1.02e-06,0.156,-4.021,0.0355,133.971,4
Hot N Cold,Hot N Cold,Katy Perry,2008-09-09,223226,56,8.1e-05,0.702,0.839,0.0,0.072,-3.992,0.0439,132.007,4
E.T.,Teenage Dream: The Complete Confection,Katy Perry,2012-03-12,229573,71,0.0181,0.62,0.869,0.0,0.369,-5.252,0.175,151.684,4
Firework,Teenage Dream,Katy Perry,2010-01-01,227893,75,0.141,0.638,0.832,0.0,0.113,-5.039,0.049,124.071,4
The One That Got Away,Teenage Dream: The Complete Confection,Katy Perry,2012-03-12,227333,75,0.000802,0.687,0.792,0.0,0.2,-4.023,0.0353,133.962,4
E.T.,Teenage Dream: The Complete Confection,Katy Perry,2012-01-01,229573,64,0.0172,0.615,0.877,0.0,0.366,-5.217,0.174,151.6,4
Teenage Dream,Teenage Dream: The Complete Confection,Katy Perry,2012-03-12,227760,69,0.0132,0.719,0.804,3.02e-06,0.139,-4.581,0.0355,119.999,4
Dark Horse,PRISM,Katy Perry,2013-01-01,215672,82,0.00314,0.647,0.585,0.0,0.165,-6.123,0.0512,131.934,4
Daisies,Smile,Katy Perry,2020-08-28,174312,59,0.0825,0.642,0.546,0.0,0.0989,-5.377,0.0407,122.165,4
E.T.,Teenage Dream,Katy Perry,2010-01-01,206373,66,0.0178,0.602,0.863,0.0,0.389,-5.423,0.0773,150.183,4
Peacock,Teenage Dream: The Complete Confection,Katy Perry,2012-03-12,231920,53,0.0563,0.825,0.759,0.0,0.202,-3.121,0.0427,139.975,4
California Gurls,Teenage Dream: The Complete Confection,Katy Perry,2012-03-12,234653,79,0.00446,0.791,0.754,0.0,0.163,-3.729,0.0569,125.014,4
The One That Got Away,Teenage Dream,Katy Perry,2010-01-01,227333,48,0.000812,0.691,0.795,1.02e-06,0.156,-4.021,0.0355,133.971,4
Peacock,Teenage Dream,Katy Perry,2010-01-01,231933,44,0.0502,0.816,0.751,0.0,0.166,-3.132,0.0421,139.981,4
Last Friday Night (T.G.I.F.),Teenage Dream: The Complete Confection,Katy Perry,2012-03-12,230746,78,0.00125,0.649,0.815,4.31e-05,0.671,-3.796,0.0415,126.03,4
Part Of Me,Teenage Dream: The Complete Confection,Katy Perry,2012-03-12,216160,78,0.000417,0.678,0.918,0.0,0.0744,-4.63,0.0355,130.028,4
When I'm Gone (with Katy Perry) [VIP Mix],When I'm Gone (with Katy Perry) [VIP Mix],Alesso,2022-02-18,171840,56,0.0165,0.622,0.954,0.000136,0.311,-2.829,0.0524,125.081,4
Teenage Dream,Teenage Dream,Katy Perry,2010-01-01,227741,45,0.0162,0.719,0.798,2.34e-06,0.134,-4.582,0.0361,120.011,4
Unconditionally,PRISM,Katy Perry,2013-01-01,228878,81,0.00273,0.432,0.725,0.0,0.208,-4.862,0.0431,128.902,4
Tucked,Smile,Katy Perry,2020-08-28,187436,55,0.00544,0.775,0.68,0.0,0.047,-5.155,0.038,123.005,4
Legendary Lovers,PRISM (Deluxe),Katy Perry,2013-10-18,224216,54,0.0224,0.623,0.836,0.0,0.078,-4.788,0.0846,126.025,4
Con Calma - Remix,El Ritmo del Verano,Various Artists,2023-07-07,181280,1,0.165,0.736,0.868,1.67e-06,0.0419,-3.01,0.0454,94.026,4
Champagne Problems,Smile,Katy Perry,2020-08-28,196218,52,0.0185,0.711,0.674,0.0,0.184,-6.114,0.106,108.883,4
Wide Awake,Teenage Dream: The Complete Confection,Katy Perry,2012-03-12,220946,72,0.0749,0.514,0.683,2.64e-06,0.392,-5.099,0.0367,159.814,4
International Smile,PRISM (Deluxe),Katy Perry,2013-10-18,227820,47,0.0278,0.514,0.817,0.0,0.137,-4.269,0.0482,129.98,4
Harleys In Hawaii,Smile,Katy Perry,2020-08-28,185480,78,0.162,0.721,0.751,6.59e-06,0.118,-6.203,0.125,140.095,4
Peacock,Teenage Dream,Katy Perry,2010-01-01,231933,32,0.0502,0.816,0.751,0.0,0.166,-3.132,0.0421,139.981,4
Part Of Me,Summer of '23,Various Artists,2023-07-07,216360,1,0.000236,0.672,0.918,0.0,0.0668,-4.605,0.036,130.042,4
Firework,Teenage Dream,Katy Perry,2010-08-24,227893,61,0.141,0.638,0.832,0.0,0.113,-5.039,0.049,124.071,4
Pearl,Teenage Dream: The Complete Confection,Katy Perry,2012-03-12,247626,44,0.127,0.559,0.577,0.0,0.31,-6.279,0.0381,116.126,4
I Kissed A Girl,The Best Y2K Album In The World...Ever!,Various Artists,2023-07-03,180946,0,0.00226,0.681,0.754,0.0,0.0713,-3.23,0.0942,129.978,4
Birthday,PRISM (Deluxe),Katy Perry,2013-10-18,215042,66,0.0879,0.719,0.674,3.75e-06,0.112,-5.122,0.0681,125.98,4
Legendary Lovers,PRISM,Katy Perry,2013-01-01,224216,50,0.0222,0.622,0.839,0.0,0.0781,-4.788,0.0843,126.033,4
Hot N Cold,Crossover But Only Hits,Various Artists,2023-07-07,220226,0,7.73e-05,0.706,0.842,0.0,0.0688,-3.956,0.0417,132.032,4
Pearl,Teenage Dream,Katy Perry,2010-01-01,247626,37,0.103,0.557,0.584,0.0,0.311,-6.275,0.0375,116.098,4
Hot N Cold,Early Internet Hits,Various Artists,2023-07-07,220226,0,7.73e-05,0.706,0.842,0.0,0.0688,-3.956,0.0417,132.032,4
Chained To The Rhythm,Witness (Deluxe),Katy Perry,2017-06-09,237733,73,0.0814,0.562,0.8,0.0,0.199,-5.404,0.112,95.029,4
Power,Witness (Deluxe),Katy Perry,2017-06-09,226466,44,0.0364,0.559,0.61,1.05e-06,0.0779,-4.717,0.0927,142.146,4
I Kissed A Girl,Timeless Pop Hits,Various Artists,2023-07-07,180946,0,0.00226,0.681,0.754,0.0,0.0713,-3.23,0.0942,129.978,4
Cry About It Later (feat. Luísa Sonza & Bruno Martini),Cry About It Later (feat. Luísa Sonza & Bruno Martini),Katy Perry,2021-04-23,159285,54,0.0513,0.676,0.794,0.000392,0.0723,-4.78,0.0366,125.957,4
Passionfruit,More Life,Drake,2017-03-18,298940,88,0.256,0.809,0.463,0.085,0.109,-11.377,0.0396,111.98,4
Passion Fashion,Pep Talks,Judah & the Lion,2019-08-07,203238,47,0.0114,0.651,0.839,2.72e-05,0.371,-4.644,0.0808,84.954,4
Passion,BOY,RAC,2020-05-08,132746,68,0.476,0.777,0.721,0.0512,0.27,-6.951,0.071,106.956,4
Passionfruit,More Life,Drake,2017-03-18,298940,60,0.25,0.81,0.457,0.07,0.109,-11.388,0.0395,111.981,4
I Speak Jesus - Live From Camp,Live From Camp,Passion,2022-09-16,423166,44,0.0404,0.201,0.659,0.0,0.164,-6.226,0.041,146.232,4
Passion,to hell with it,PinkPantheress,2021-10-15,138268,67,0.49,0.699,0.628,0.782,0.101,-5.163,0.0369,79.968,4
Passionate (feat. Roddy Ricch),Just For Clarity 2,Blxst,2023-03-10,170097,64,0.596,0.77,0.573,0.0,0.102,-5.872,0.169,98.036,4
Passion - Live,Here (Live),The Belonging Co,2022-03-25,253583,41,0.000158,0.483,0.934,9.23e-05,0.293,-5.983,0.0367,142.039,4
Passion Whine,Farruko Presents Los Menores,Farruko,2016-02-22,213311,74,0.327,0.756,0.689,0.0,0.0586,-3.87,0.0648,162.006,4
Passion Fruit,Gumbo,Young Nudy,2023-02-28,194973,60,0.543,0.813,0.503,3e-05,0.116,-8.08,0.245,138.043,4
Passion,Trust the Process,Ace Hood,2017-08-21,189744,51,0.239,0.848,0.466,0.0,0.116,-7.583,0.279,77.483,4
passionfruit - sped up + reverb,passionfruit - sped up + reverb,pearl,2023-03-22,247210,34,0.00451,0.584,0.424,0.00407,0.13,-15.51,0.0385,123.195,4
Christ Our King - Live From Camp,Live From Camp,Passion,2022-09-16,365185,45,0.195,0.301,0.47,0.0,0.113,-7.896,0.0314,74.912,4
Passion,Passion,PinkPantheress,2021-07-01,138268,61,0.49,0.699,0.628,0.782,0.101,-5.163,0.0369,79.968,4
Passion - Sam Gellaitry Remix,to hell with it (Remixes),PinkPantheress,2022-01-28,180899,43,0.932,0.631,0.632,0.0617,0.32,-5.953,0.0511,80.024,4
Take a Walk,Gossamer,Passion Pit,2012-07-23,264493,71,0.0338,0.566,0.755,0.0,0.315,-5.526,0.0368,101.006,4
Forgiven - Live,Worthy Of Your Name (Live),Passion,2017-02-17,241466,34,0.197,0.422,0.66,3.97e-06,0.0959,-7.02,0.0384,76.008,4
Sleepyhead,Manners,Passion Pit,2009,174760,69,0.0892,0.568,0.719,1.84e-06,0.233,-5.406,0.0354,106.036,4
passionfruit - slowed + reverb,passionfruit - slowed + reverb,slō,2023-03-22,312543,31,0.0317,0.432,0.28,0.0723,0.117,-16.065,0.0412,97.463,4
Passion,In A Space Outta Sound,Nightmares On Wax,2006-02-20,420426,44,0.374,0.589,0.204,0.895,0.686,-13.927,0.138,213.008,3
Passionfruit,EP2,Yaeji,2017-11-03,274728,55,0.604,0.606,0.448,0.0825,0.111,-13.182,0.0356,111.889,4
Take My Life - Live,Hymns Ancient And Modern (Live),Passion,2004-01-01,306253,36,0.25,0.308,0.409,0.0,0.109,-7.103,0.0282,179.836,4
Passion Whine,Carbon Fiber Hits,Carbon Fiber Music,2018-12-21,213311,52,0.327,0.756,0.689,0.0,0.0586,-3.87,0.0648,162.006,4
Passion - Live,Youth Revival (Live),Hillsong Young & Free,2016-02-26,458733,31,0.636,0.112,0.396,0.000607,0.178,-9.401,0.0329,72.425,4
Glorious Day - Live,Worthy Of Your Name (Live),Passion,2017-02-17,298520,63,0.00289,0.49,0.805,3.19e-06,0.141,-4.578,0.0424,109.951,4
Passionate Kisses,Come On Come On,Mary Chapin Carpenter,1992-06-20,201066,40,0.579,0.625,0.819,0.0,0.194,-6.118,0.0353,139.621,4
Passion,SUGAR TITLE,KEYTALK,2011-11-09,221586,36,1.02e-05,0.416,0.88,0.556,0.086,-4.085,0.0455,166.97,4
Passion - Hotel Garuda Remix,Passion (Hotel Garuda Remix),RAC,2020-08-21,190946,49,0.0641,0.833,0.451,0.0306,0.141,-9.122,0.11,122.035,4
Passionate (feat. Roddy Ricch),Just For Clarity 2,Blxst,2023-03-10,169238,39,0.557,0.735,0.571,3.27e-06,0.105,-6.151,0.184,97.864,4
Passion,Passion,O.E.,2022-01-21,206831,35,0.587,0.866,0.817,0.0,0.228,-8.233,0.0605,130.058,4
Passion Anthem,IceBerg Pimpin,Slim Guerilla,2017-08-26,202657,47,0.03,0.739,0.696,5.54e-06,0.683,-7.712,0.0845,120.053,4
Passionfruit - slowed/reverb,Passionfruit EP,John Phelps,2020-01-31,368836,16,0.0228,0.638,0.722,0.752,0.0884,-9.63,0.12,178.8,4
Passion,Mind Medicine,Various Artists,2016-08-26,208274,34,0.146,0.561,0.829,7.28e-06,0.175,-3.295,0.239,78.003,4
Passion,Passion,Bailey Bryan,2022-09-30,178497,48,0.177,0.807,0.501,0.000206,0.11,-5.118,0.0452,105.035,4
Passionate Kisses,Lucinda Williams (Deluxe Edition),Lucinda Williams,2014-01-14,158280,37,0.0537,0.646,0.658,0.0,0.0919,-6.429,0.0269,138.774,4
Passion,Ressentiment,Meishi Smile,2021-05-14,103710,18,5.31e-06,0.482,0.949,0.539,0.8,-7.685,0.0782,127.977,4
Passionfruit,Passionfruit,Benny Sings,2018-11-07,193635,51,0.441,0.947,0.448,0.815,0.131,-8.043,0.044,120.965,4
Passion - Piano Instrumental,Kingdom Hearts 2 Collection,Good Knight Productions,2015-07-20,275454,16,0.753,0.852,0.223,0.0118,0.0948,-15.664,0.202,109.958,4
Passionate Kisses,The Essential Mary Chapin Carpenter,Mary Chapin Carpenter,1989,201906,48,0.589,0.625,0.819,0.0,0.201,-6.142,0.0361,139.642,4
Passion Pleasure Pain,Passion Pleasure Pain,Paris Gordon,2023-04-17,222798,27,0.216,0.744,0.653,0.0,0.119,-4.262,0.0558,138.908,4
Passion For Publication,Free Your Mind,Anarbor,2009-03-10,158226,47,0.00134,0.564,0.857,0.0,0.0992,-3.828,0.0436,144.977,4
Passion,Well Sed,Seddy Hendrinx,2022-07-13,188913,27,0.0508,0.676,0.419,0.0,0.146,-11.317,0.335,92.956,4
Passion,Here Come the Runts,AWOLNATION,2018-02-02,201833,47,0.0611,0.653,0.869,0.119,0.187,-4.622,0.0571,137.974,4
Passionfruit - Get It Together Remix,Passionfruit - Get It Together Remix,Fer,2020-03-31,349805,16,0.603,0.834,0.567,0.168,0.111,-13.814,0.148,118.726,4
Passion - DSpot Mix,Passion,Tymara,2022-11-25,206160,33,0.249,0.656,0.87,0.000225,0.312,-5.135,0.0503,125.02,4
Passionfruit - Remix,Passionfruit (Remix),BRIONBEATS,2022-08-05,287179,6,0.0129,0.762,0.574,0.59,0.127,-10.986,0.169,117.446,4
Passion,Passion,Jim Yosef,2015-06-13,240009,40,0.0102,0.614,0.953,2.44e-06,0.854,-3.275,0.0818,128.012,4
Passion,Passion,Lucifer (voice actor : Kazuya Yamashita),2021-06-24,248421,40,0.713,0.732,0.628,3.16e-06,0.0779,-10.812,0.119,114.021,4
Passionate,missunderstood…still,Queen Naija,2020-10-30,231483,33,0.651,0.468,0.446,2.48e-06,0.171,-6.996,0.0417,137.982,4
Passion,Passion EP,Eskuche,2019-09-13,201904,39,0.00157,0.804,0.811,0.876,0.361,-7.859,0.0557,126.013,4
